CARGO;SETOR
ABAST./LUBRIFICADOR;MANUTENÇÃO
ADVOGADO;ADMINISTRATIVO
AG. ADMINISTRATIVO;ADMINISTRATIVO
AG DE MANUT II - MECANICA AUT;MANUTENÇÃO
AG DE MANUT III - ELETRICA VEI;MANUTENÇÃO
AGENTE DE APOIO I;MANUTENÇÃO
AGENTE DE APOIO II;MANUTENÇÃO
AGENTE DE MANUTENCAO II;MANUTENÇÃO
ALMOXARIFE;MANUTENÇÃO
ALMOXARIFE III;MANUTENÇÃO
ANALISTA CONTABIL SENIOR;ADMINISTRATIVO
ANALISTA DE RELACOES DO TRABALHO;ADMINISTRATIVO
ANALISTA DE RH PLENO;ADMINISTRATIVO
ANALISTA DE RH SENIOR;ADMINISTRATIVO
ANALISTA DE TECNOLOGIA DA INFORMACAO PLENO;ADMINISTRATIVO
ANALISTA FINANCEIRO JR;ADMINISTRATIVO
ANALISTA JURIDICO PLENO;ADMINISTRATIVO
ANALISTA JURIDICO SENIOR;ADMINISTRATIVO
ASSESSOR JURIDICO;ADMINISTRATIVO
ASSIST CONTABIL I;ADMINISTRATIVO
ASSISTENTE DE SUPORTE DE TI;ADMINISTRATIVO
AUX ADM DE TRAFEGO I;OPERACAO
AUX ADMINISTRATIVO DE MANUTENCAO II;MANUTENÇÃO
AUX ADMINISTRATIVO DE PLANEJAMENTO I;ADMINISTRATIVO
AUX ADMINISTRATIVO DE TRAFEGO II;OPERACAO
AUX BORRACHEIRO III;MANUTENÇÃO
AUX CHAPEACAO II;MANUTENÇÃO
AUX DE ALMOXARIFADO II;MANUTENÇÃO
AUX DE BORRACHEIRO I;MANUTENÇÃO
AUX DE ELETRICISTA I;MANUTENÇÃO
AUX DE ELETRICISTA II;MANUTENÇÃO
AUX DE LUBRIFICADOR II;MANUTENÇÃO
AUX DE MECANICO I;MANUTENÇÃO
AUX DE MECANICO II;MANUTENÇÃO
AUX ELETRICISTA I;MANUTENÇÃO
AUX MANUT PREDIAL III;MANUTENÇÃO
AUX SERVICOS GERAIS;MANUTENÇÃO
AUX SERVICOS GERAIS II;MANUTENÇÃO
AUXILIAR ADM DE ARQUIVO I;ADMINISTRATIVO
AUXILIAR ADM DE ARQUIVO II;ADMINISTRATIVO
AUXILIAR ADM DE MONITORAMENTO I;ADMINISTRATIVO
AUXILIAR ADM DE MONITORAMENTO II;ADMINISTRATIVO
AUXILIAR ADM DE TRAFEGO II;OPERACAO
AUXILIAR ADM FINANCEIRO II;ADMINISTRATIVO
AUXILIAR DE CHAPEACAO I;MANUTENÇÃO
AUXILIAR DE CHAPEACAO II;MANUTENÇÃO
BORRACHEIRO;MANUTENÇÃO
CHAPEADOR I;MANUTENÇÃO
CHAPEADOR II;MANUTENÇÃO
CHEFE DA MANUTENCAO;MANUTENÇÃO
CHEFE DE LAVAGEM;MANUTENÇÃO
CONFERENTE;MANUTENÇÃO
COORD DA MANUTENCAO;MANUTENÇÃO
COORD DA UNIDADE DE MANUTENCAO PREDIAL;MANUTENÇÃO
COORD DE COMPRAS;ADMINISTRATIVO
COORD DE PROJETOS, PLANEJAMENTO E QUALIDADE;ADMINISTRATIVO
COORD MANUTENCAO III;MANUTENÇÃO
COORDENADOR DE RH;ADMINISTRATIVO
COORDENADOR DE SEGURANCA;ADMINISTRATIVO
COORDENADOR DE TRAFEGO I;OPERACAO
COORDENADOR DO SESMT;ADMINISTRATIVO
COORDENADOR ELETRICA III;MANUTENÇÃO
COORDENADOR FINANCEIRO;ADMINISTRATIVO
DIR ADMIN FINANCEIRO;ADMINISTRATIVO
DIRETOR PRESIDENTE;ADMINISTRATIVO
DIRETOR TECNICO;ADMINISTRATIVO
ELETRICISTA I;MANUTENÇÃO
ELETRICISTA III;MANUTENÇÃO
ELETRICISTA VEICULAR;MANUTENÇÃO
ENCARREGADO ABASTECIMENTO E PATIO;MANUTENÇÃO
ENCARREGADO ALMOXARIFADO;MANUTENÇÃO
ENCARREGADO BORRACHARIA;MANUTENÇÃO
ENCARREGADO CHAPEACAO;MANUTENÇÃO
FISCAL;OPERACAO
GERENTE DE RECURSOS HUMANOS;ADMINISTRATIVO
INSTRUTOR DE DIRECAO;ADMINISTRATIVO
LAVADOR I;MANUTENÇÃO
LAVADOR II;MANUTENÇÃO
LIDER ASSIST DE OPERACOES DE LIMPEZA;MANUTENÇÃO
LIDER DE ABASTECIMENTO;MANUTENÇÃO
LIDER FISCALIZACAO;OPERACAO
LIDER LAVAGEM;MANUTENÇÃO
LIDER MANUTENCAO;MANUTENÇÃO
MANOBRISTA;MANUTENÇÃO
MANOBRISTA ABASTECEDOR;MANUTENÇÃO
MANOBRISTA ABASTECEDOR II;MANUTENÇÃO
MECANICO DE PISTA;MANUTENÇÃO
MECANICO I;MANUTENÇÃO
MECANICO II;MANUTENÇÃO
MECANICO III;MANUTENÇÃO
MEDICO DO TRABALHO;ADMINISTRATIVO
MENOR APRENDIZ;ADMINISTRATIVO
MONITOR DA OPERACAO;OPERACAO
MOTORISTA;MOTORISTA
MOTORISTA ADMINISTRATIVO;MOTORISTA
MOTORISTA INSTRUTOR;MOTORISTA
OPERADOR DE SAC;ADMINISTRATIVO
PINTOR AUTOMOTIVO;MANUTENÇÃO
PROGRAMADOR DE ESCALA;OPERACAO
PROGRAMADOR DE TABELAS;OPERACAO
PSICOLOGA;ADMINISTRATIVO
RECEBEDOR;ADMINISTRATIVO
SOCORRISTA;MANUTENÇÃO
SUB COORDENADOR TRAFEGO;OPERACAO
SUPERVISOR DE ELETRICA I;MANUTENÇÃO
SUPERVISOR DE MANUTENCAO II;MANUTENÇÃO
SUPERVISOR DE PISTA E RAMPA I;MANUTENÇÃO
SUPERVISOR DE TRAFEGO;OPERACAO
SUPERVISOR MANUT PREDIAL;MANUTENÇÃO
SUPERVISOR SESMT;ADMINISTRATIVO
TEC ENFERMAGEM DO TRABALHO;ADMINISTRATIVO
TECNICO DE SEGURANCA TRAB;ADMINISTRATIVO
TECNICO EM MANUTENCAO PREDIAL III;MANUTENÇÃO
VIGILANTE;ADMINISTRATIVO